{
  "tf_idf": 0.7272845170779837,
  "rouge_l": 0.2200956937799043,
  "jaccard": 0.21428571428571427
}